wavelengths,fluxes,convolved_flux,filter_wavelengths,filter_trans
  9.003887E+02,  1.241984E-17,  0.000000E+00,  3.700000E+03,  0.000000E+00
  9.012914E+02,  1.680845E-17,  0.000000E+00,  3.800000E+03,  1.100000E-01
  9.021949E+02,  1.785600E-17,  0.000000E+00,  4.000000E+03,  9.200000E-01
  9.030994E+02,  1.829248E-17,  0.000000E+00,  4.200000E+03,  1.000000E+00
  9.040047E+02,  1.871309E-17,  0.000000E+00,  4.400000E+03,  9.400000E-01
  9.049110E+02,  1.922893E-17,  0.000000E+00,  4.600000E+03,  7.900000E-01
  9.058182E+02,  1.975270E-17,  0.000000E+00,  4.800000E+03,  5.800000E-01
  9.067263E+02,  2.025267E-17,  0.000000E+00,  5.000000E+03,  3.600000E-01
  9.076353E+02,  2.076851E-17,  0.000000E+00,  5.200000E+03,  1.500000E-01
  9.085452E+02,  2.129229E-17,  0.000000E+00,  5.400000E+03,  4.000000E-02
  9.094560E+02,  2.182400E-17,  0.000000E+00,  5.600000E+03,  0.000000E+00
  9.103677E+02,  2.237952E-17,  0.000000E+00,  0.000000E+00,  0.000000E+00
  9.112804E+02,  2.297472E-17,  0.000000E+00,  0.000000E+00,  0.000000E+00
  9.121939E+02,  2.378419E-17,  0.000000E+00,  0.000000E+00,  0.000000E+00
  9.131084E+02,  2.602214E-17,  0.000000E+00,  0.000000E+00,  0.000000E+00
  9.140238E+02,  4.727475E-17,  0.000000E+00,  0.000000E+00,  0.000000E+00
  9.149401E+02,  3.647386E-16,  0.000000E+00,  0.000000E+00,  0.000000E+00
  9.158573E+02,  2.359373E-15,  0.000000E+00,  0.000000E+00,  0.000000E+00
  9.167755E+02,  6.867814E-15,  0.000000E+00,  0.000000E+00,  0.000000E+00
  9.176945E+02,  1.155482E-14,  0.000000E+00,  0.000000E+00,  0.000000E+00
  9.186145E+02,  1.541171E-14,  0.000000E+00,  0.000000E+00,  0.000000E+00
  9.195354E+02,  1.945114E-14,  0.000000E+00,  0.000000E+00,  0.000000E+00
  9.204573E+02,  2.229222E-14,  0.000000E+00,  0.000000E+00,  0.000000E+00
  9.213800E+02,  2.630784E-14,  0.000000E+00,  0.000000E+00,  0.000000E+00
  9.223037E+02,  2.910131E-14,  0.000000E+00,  0.000000E+00,  0.000000E+00
  9.232283E+02,  3.137894E-14,  0.000000E+00,  0.000000E+00,  0.000000E+00
  9.241539E+02,  4.613197E-14,  0.000000E+00,  0.000000E+00,  0.000000E+00
  9.250803E+02,  4.681446E-14,  0.000000E+00,  0.000000E+00,  0.000000E+00
  9.260077E+02,  3.628339E-14,  0.000000E+00,  0.000000E+00,  0.000000E+00
  9.269361E+02,  5.067930E-14,  0.000000E+00,  0.000000E+00,  0.000000E+00
  9.278653E+02,  7.526502E-14,  0.000000E+00,  0.000000E+00,  0.000000E+00
  9.287955E+02,  7.800295E-14,  0.000000E+00,  0.000000E+00,  0.000000E+00
  9.297266E+02,  5.660749E-14,  0.000000E+00,  0.000000E+00,  0.000000E+00
  9.306587E+02,  4.006886E-14,  0.000000E+00,  0.000000E+00,  0.000000E+00
  9.315917E+02,  6.044058E-14,  0.000000E+00,  0.000000E+00,  0.000000E+00
  9.325256E+02,  9.420032E-14,  0.000000E+00,  0.000000E+00,  0.000000E+00
  9.334604E+02,  1.154688E-13,  0.000000E+00,  0.000000E+00,  0.000000E+00
  9.343962E+02,  1.218970E-13,  0.000000E+00,  0.000000E+00,  0.000000E+00
  9.353330E+02,  1.134848E-13,  0.000000E+00,  0.000000E+00,  0.000000E+00
  9.362706E+02,  8.713728E-14,  0.000000E+00,  0.000000E+00,  0.000000E+00
  9.372092E+02,  5.367117E-14,  0.000000E+00,  0.000000E+00,  0.000000E+00
  9.381488E+02,  5.339341E-14,  0.000000E+00,  0.000000E+00,  0.000000E+00
  9.390893E+02,  9.237504E-14,  0.000000E+00,  0.000000E+00,  0.000000E+00
  9.400307E+02,  1.289600E-13,  0.000000E+00,  0.000000E+00,  0.000000E+00
  9.409731E+02,  1.495142E-13,  0.000000E+00,  0.000000E+00,  0.000000E+00
  9.419164E+02,  1.620531E-13,  0.000000E+00,  0.000000E+00,  0.000000E+00
  9.428607E+02,  1.689574E-13,  0.000000E+00,  0.000000E+00,  0.000000E+00
  9.438059E+02,  1.711795E-13,  0.000000E+00,  0.000000E+00,  0.000000E+00
  9.447521E+02,  1.622912E-13,  0.000000E+00,  0.000000E+00,  0.000000E+00
  9.456992E+02,  1.559424E-13,  0.000000E+00,  0.000000E+00,  0.000000E+00
  9.466473E+02,  1.592755E-13,  0.000000E+00,  0.000000E+00,  0.000000E+00
  9.475963E+02,  1.441971E-13,  0.000000E+00,  0.000000E+00,  0.000000E+00
  9.485463E+02,  1.007078E-13,  0.000000E+00,  0.000000E+00,  0.000000E+00
  9.494972E+02,  6.303565E-14,  0.000000E+00,  0.000000E+00,  0.000000E+00
  9.504491E+02,  8.816896E-14,  0.000000E+00,  0.000000E+00,  0.000000E+00
  9.514019E+02,  1.481651E-13,  0.000000E+00,  0.000000E+00,  0.000000E+00
  9.523557E+02,  1.876070E-13,  0.000000E+00,  0.000000E+00,  0.000000E+00
  9.533104E+02,  2.087168E-13,  0.000000E+00,  0.000000E+00,  0.000000E+00
  9.542661E+02,  2.318106E-13,  0.000000E+00,  0.000000E+00,  0.000000E+00
  9.552227E+02,  2.555392E-13,  0.000000E+00,  0.000000E+00,  0.000000E+00
  9.561804E+02,  2.764902E-13,  0.000000E+00,  0.000000E+00,  0.000000E+00
  9.571389E+02,  2.923622E-13,  0.000000E+00,  0.000000E+00,  0.000000E+00
  9.580985E+02,  2.973619E-13,  0.000000E+00,  0.000000E+00,  0.000000E+00
  9.590590E+02,  2.992666E-13,  0.000000E+00,  0.000000E+00,  0.000000E+00
  9.600204E+02,  2.981555E-13,  0.000000E+00,  0.000000E+00,  0.000000E+00
  9.609828E+02,  3.043456E-13,  0.000000E+00,  0.000000E+00,  0.000000E+00
  9.619462E+02,  3.119642E-13,  0.000000E+00,  0.000000E+00,  0.000000E+00
  9.629106E+02,  3.097421E-13,  0.000000E+00,  0.000000E+00,  0.000000E+00
  9.638759E+02,  2.941082E-13,  0.000000E+00,  0.000000E+00,  0.000000E+00
  9.648422E+02,  2.933939E-13,  0.000000E+00,  0.000000E+00,  0.000000E+00
  9.658094E+02,  3.203763E-13,  0.000000E+00,  0.000000E+00,  0.000000E+00
  9.667777E+02,  3.391846E-13,  0.000000E+00,  0.000000E+00,  0.000000E+00
  9.677469E+02,  3.379149E-13,  0.000000E+00,  0.000000E+00,  0.000000E+00
  9.687170E+02,  3.217254E-13,  0.000000E+00,  0.000000E+00,  0.000000E+00
  9.696882E+02,  2.856960E-13,  0.000000E+00,  0.000000E+00,  0.000000E+00
  9.706603E+02,  2.198272E-13,  0.000000E+00,  0.000000E+00,  0.000000E+00
  9.716334E+02,  1.298329E-13,  0.000000E+00,  0.000000E+00,  0.000000E+00
  9.726074E+02,  9.086720E-14,  0.000000E+00,  0.000000E+00,  0.000000E+00
  9.735825E+02,  1.572915E-13,  0.000000E+00,  0.000000E+00,  0.000000E+00
  9.745585E+02,  2.574438E-13,  0.000000E+00,  0.000000E+00,  0.000000E+00
  9.755355E+02,  3.318042E-13,  0.000000E+00,  0.000000E+00,  0.000000E+00
  9.765135E+02,  3.776742E-13,  0.000000E+00,  0.000000E+00,  0.000000E+00
  9.774924E+02,  4.005299E-13,  0.000000E+00,  0.000000E+00,  0.000000E+00
  9.784724E+02,  4.151321E-13,  0.000000E+00,  0.000000E+00,  0.000000E+00
  9.794533E+02,  4.295757E-13,  0.000000E+00,  0.000000E+00,  0.000000E+00
  9.804352E+02,  4.383846E-13,  0.000000E+00,  0.000000E+00,  0.000000E+00
  9.814181E+02,  4.434637E-13,  0.000000E+00,  0.000000E+00,  0.000000E+00
  9.824019E+02,  4.528281E-13,  0.000000E+00,  0.000000E+00,  0.000000E+00
  9.833868E+02,  4.616371E-13,  0.000000E+00,  0.000000E+00,  0.000000E+00
  9.843726E+02,  4.575898E-13,  0.000000E+00,  0.000000E+00,  0.000000E+00
  9.853595E+02,  4.601293E-13,  0.000000E+00,  0.000000E+00,  0.000000E+00
  9.863473E+02,  4.742553E-13,  0.000000E+00,  0.000000E+00,  0.000000E+00
  9.873361E+02,  4.598118E-13,  0.000000E+00,  0.000000E+00,  0.000000E+00
  9.883259E+02,  4.261632E-13,  0.000000E+00,  0.000000E+00,  0.000000E+00
  9.893167E+02,  3.967206E-13,  0.000000E+00,  0.000000E+00,  0.000000E+00
  9.903085E+02,  3.923558E-13,  0.000000E+00,  0.000000E+00,  0.000000E+00
  9.913013E+02,  4.383846E-13,  0.000000E+00,  0.000000E+00,  0.000000E+00
  9.922951E+02,  4.749696E-13,  0.000000E+00,  0.000000E+00,  0.000000E+00
  9.932899E+02,  4.863181E-13,  0.000000E+00,  0.000000E+00,  0.000000E+00
  9.942856E+02,  4.632243E-13,  0.000000E+00,  0.000000E+00,  0.000000E+00
  9.952824E+02,  4.679065E-13,  0.000000E+00,  0.000000E+00,  0.000000E+00
  9.962802E+02,  4.948096E-13,  0.000000E+00,  0.000000E+00,  0.000000E+00
  9.972789E+02,  5.062374E-13,  0.000000E+00,  0.000000E+00,  0.000000E+00
  9.982787E+02,  5.166336E-13,  0.000000E+00,  0.000000E+00,  0.000000E+00
  9.992795E+02,  5.280614E-13,  0.000000E+00,  0.000000E+00,  0.000000E+00
  1.000281E+03,  5.439334E-13,  0.000000E+00,  0.000000E+00,  0.000000E+00
  1.001284E+03,  5.616307E-13,  0.000000E+00,  0.000000E+00,  0.000000E+00
  1.002288E+03,  5.749632E-13,  0.000000E+00,  0.000000E+00,  0.000000E+00
  1.003293E+03,  5.861530E-13,  0.000000E+00,  0.000000E+00,  0.000000E+00
  1.004298E+03,  5.906765E-13,  0.000000E+00,  0.000000E+00,  0.000000E+00
  1.005305E+03,  5.907559E-13,  0.000000E+00,  0.000000E+00,  0.000000E+00
  1.006313E+03,  5.902003E-13,  0.000000E+00,  0.000000E+00,  0.000000E+00
  1.007322E+03,  5.948032E-13,  0.000000E+00,  0.000000E+00,  0.000000E+00
  1.008332E+03,  6.030566E-13,  0.000000E+00,  0.000000E+00,  0.000000E+00
  1.009343E+03,  6.088499E-13,  0.000000E+00,  0.000000E+00,  0.000000E+00
  1.010354E+03,  6.217856E-13,  0.000000E+00,  0.000000E+00,  0.000000E+00
  1.011367E+03,  6.335309E-13,  0.000000E+00,  0.000000E+00,  0.000000E+00
  1.012381E+03,  6.385306E-13,  0.000000E+00,  0.000000E+00,  0.000000E+00
  1.013396E+03,  6.494029E-13,  0.000000E+00,  0.000000E+00,  0.000000E+00
  1.014412E+03,  6.571802E-13,  0.000000E+00,  0.000000E+00,  0.000000E+00
  1.015429E+03,  6.678144E-13,  0.000000E+00,  0.000000E+00,  0.000000E+00
  1.016447E+03,  6.871782E-13,  0.000000E+00,  0.000000E+00,  0.000000E+00
  1.017466E+03,  6.932890E-13,  0.000000E+00,  0.000000E+00,  0.000000E+00
  1.018486E+03,  6.856704E-13,  0.000000E+00,  0.000000E+00,  0.000000E+00
  1.019507E+03,  6.736870E-13,  0.000000E+00,  0.000000E+00,  0.000000E+00
  1.020529E+03,  6.537677E-13,  0.000000E+00,  0.000000E+00,  0.000000E+00
  1.021552E+03,  6.248013E-13,  0.000000E+00,  0.000000E+00,  0.000000E+00
  1.022576E+03,  5.562343E-13,  0.000000E+00,  0.000000E+00,  0.000000E+00
  1.023601E+03,  4.252902E-13,  0.000000E+00,  0.000000E+00,  0.000000E+00
  1.024628E+03,  2.506189E-13,  0.000000E+00,  0.000000E+00,  0.000000E+00
  1.025655E+03,  1.530061E-13,  0.000000E+00,  0.000000E+00,  0.000000E+00
  1.026683E+03,  2.533171E-13,  0.000000E+00,  0.000000E+00,  0.000000E+00
  1.027712E+03,  4.371942E-13,  0.000000E+00,  0.000000E+00,  0.000000E+00
  1.028743E+03,  5.936921E-13,  0.000000E+00,  0.000000E+00,  0.000000E+00
  1.029774E+03,  7.023360E-13,  0.000000E+00,  0.000000E+00,  0.000000E+00
  1.030806E+03,  7.622528E-13,  0.000000E+00,  0.000000E+00,  0.000000E+00
  1.031840E+03,  8.062976E-13,  0.000000E+00,  0.000000E+00,  0.000000E+00
  1.032874E+03,  8.467712E-13,  0.000000E+00,  0.000000E+00,  0.000000E+00
  1.033909E+03,  8.705792E-13,  0.000000E+00,  0.000000E+00,  0.000000E+00
  1.034946E+03,  8.689920E-13,  0.000000E+00,  0.000000E+00,  0.000000E+00
  1.035983E+03,  8.221696E-13,  0.000000E+00,  0.000000E+00,  0.000000E+00
  1.037022E+03,  8.197888E-13,  0.000000E+00,  0.000000E+00,  0.000000E+00
  1.038062E+03,  9.015296E-13,  0.000000E+00,  0.000000E+00,  0.000000E+00
  1.039102E+03,  9.547008E-13,  0.000000E+00,  0.000000E+00,  0.000000E+00
  1.040144E+03,  9.761280E-13,  0.000000E+00,  0.000000E+00,  0.000000E+00
  1.041187E+03,  9.927936E-13,  0.000000E+00,  0.000000E+00,  0.000000E+00
  1.042231E+03,  9.967616E-13,  0.000000E+00,  0.000000E+00,  0.000000E+00
  1.043275E+03,  9.951744E-13,  0.000000E+00,  0.000000E+00,  0.000000E+00
  1.044321E+03,  1.011046E-12,  0.000000E+00,  0.000000E+00,  0.000000E+00
  1.045368E+03,  1.033267E-12,  0.000000E+00,  0.000000E+00,  0.000000E+00
  1.046416E+03,  1.053107E-12,  0.000000E+00,  0.000000E+00,  0.000000E+00
  1.047465E+03,  1.057869E-12,  0.000000E+00,  0.000000E+00,  0.000000E+00
  1.048515E+03,  1.065011E-12,  0.000000E+00,  0.000000E+00,  0.000000E+00
  1.049566E+03,  1.099136E-12,  0.000000E+00,  0.000000E+00,  0.000000E+00
  1.050619E+03,  1.123738E-12,  0.000000E+00,  0.000000E+00,  0.000000E+00
  1.051672E+03,  1.131674E-12,  0.000000E+00,  0.000000E+00,  0.000000E+00
  1.052726E+03,  1.143578E-12,  0.000000E+00,  0.000000E+00,  0.000000E+00
  1.053782E+03,  1.163418E-12,  0.000000E+00,  0.000000E+00,  0.000000E+00
  1.054838E+03,  1.179290E-12,  0.000000E+00,  0.000000E+00,  0.000000E+00
  1.055895E+03,  1.203891E-12,  0.000000E+00,  0.000000E+00,  0.000000E+00
  1.056954E+03,  1.232461E-12,  0.000000E+00,  0.000000E+00,  0.000000E+00
  1.058014E+03,  1.249920E-12,  0.000000E+00,  0.000000E+00,  0.000000E+00
  1.059074E+03,  1.246745E-12,  0.000000E+00,  0.000000E+00,  0.000000E+00
  1.060136E+03,  1.252301E-12,  0.000000E+00,  0.000000E+00,  0.000000E+00
  1.061199E+03,  1.280870E-12,  0.000000E+00,  0.000000E+00,  0.000000E+00
  1.062263E+03,  1.276109E-12,  0.000000E+00,  0.000000E+00,  0.000000E+00
  1.063328E+03,  1.267379E-12,  0.000000E+00,  0.000000E+00,  0.000000E+00
  1.064394E+03,  1.304678E-12,  0.000000E+00,  0.000000E+00,  0.000000E+00
  1.065461E+03,  1.314202E-12,  0.000000E+00,  0.000000E+00,  0.000000E+00
  1.066529E+03,  1.299917E-12,  0.000000E+00,  0.000000E+00,  0.000000E+00
  1.067598E+03,  1.298330E-12,  0.000000E+00,  0.000000E+00,  0.000000E+00
  1.068668E+03,  1.325312E-12,  0.000000E+00,  0.000000E+00,  0.000000E+00
  1.069740E+03,  1.386419E-12,  0.000000E+00,  0.000000E+00,  0.000000E+00
  1.070812E+03,  1.426893E-12,  0.000000E+00,  0.000000E+00,  0.000000E+00
  1.071885E+03,  1.444352E-12,  0.000000E+00,  0.000000E+00,  0.000000E+00
  1.072960E+03,  1.451494E-12,  0.000000E+00,  0.000000E+00,  0.000000E+00
  1.074036E+03,  1.476096E-12,  0.000000E+00,  0.000000E+00,  0.000000E+00
  1.075112E+03,  1.505459E-12,  0.000000E+00,  0.000000E+00,  0.000000E+00
  1.076190E+03,  1.535616E-12,  0.000000E+00,  0.000000E+00,  0.000000E+00
  1.077269E+03,  1.576883E-12,  0.000000E+00,  0.000000E+00,  0.000000E+00
  1.078349E+03,  1.608627E-12,  0.000000E+00,  0.000000E+00,  0.000000E+00
  1.079430E+03,  1.637990E-12,  0.000000E+00,  0.000000E+00,  0.000000E+00
  1.080512E+03,  1.663386E-12,  0.000000E+00,  0.000000E+00,  0.000000E+00
  1.081595E+03,  1.671322E-12,  0.000000E+00,  0.000000E+00,  0.000000E+00
  1.082680E+03,  1.670528E-12,  0.000000E+00,  0.000000E+00,  0.000000E+00
  1.083765E+03,  1.637990E-12,  0.000000E+00,  0.000000E+00,  0.000000E+00
  1.084852E+03,  1.625293E-12,  0.000000E+00,  0.000000E+00,  0.000000E+00
  1.085939E+03,  1.695130E-12,  0.000000E+00,  0.000000E+00,  0.000000E+00
  1.087028E+03,  1.785600E-12,  0.000000E+00,  0.000000E+00,  0.000000E+00
  1.088118E+03,  1.821312E-12,  0.000000E+00,  0.000000E+00,  0.000000E+00
  1.089208E+03,  1.840358E-12,  0.000000E+00,  0.000000E+00,  0.000000E+00
  1.090300E+03,  1.845914E-12,  0.000000E+00,  0.000000E+00,  0.000000E+00
  1.091393E+03,  1.862579E-12,  0.000000E+00,  0.000000E+00,  0.000000E+00
  1.092487E+03,  1.910195E-12,  0.000000E+00,  0.000000E+00,  0.000000E+00
  1.093583E+03,  1.950669E-12,  0.000000E+00,  0.000000E+00,  0.000000E+00
  1.094679E+03,  1.948288E-12,  0.000000E+00,  0.000000E+00,  0.000000E+00
  1.095776E+03,  1.862579E-12,  0.000000E+00,  0.000000E+00,  0.000000E+00
  1.096875E+03,  1.775283E-12,  0.000000E+00,  0.000000E+00,  0.000000E+00
  1.097975E+03,  1.830835E-12,  0.000000E+00,  0.000000E+00,  0.000000E+00
  1.099075E+03,  1.924480E-12,  0.000000E+00,  0.000000E+00,  0.000000E+00
  1.100177E+03,  2.050662E-12,  0.000000E+00,  0.000000E+00,  0.000000E+00
  1.101280E+03,  2.243507E-12,  0.000000E+00,  0.000000E+00,  0.000000E+00
  1.102384E+03,  2.434765E-12,  0.000000E+00,  0.000000E+00,  0.000000E+00
  1.103489E+03,  2.612531E-12,  0.000000E+00,  0.000000E+00,  0.000000E+00
  1.104595E+03,  2.751411E-12,  0.000000E+00,  0.000000E+00,  0.000000E+00
  1.105703E+03,  2.946637E-12,  0.000000E+00,  0.000000E+00,  0.000000E+00
  1.106811E+03,  3.322010E-12,  0.000000E+00,  0.000000E+00,  0.000000E+00
  1.107921E+03,  4.340198E-12,  0.000000E+00,  0.000000E+00,  0.000000E+00
  1.109032E+03,  7.536026E-12,  0.000000E+00,  0.000000E+00,  0.000000E+00
  1.110143E+03,  1.484032E-11,  0.000000E+00,  0.000000E+00,  0.000000E+00
  1.111256E+03,  2.325248E-11,  0.000000E+00,  0.000000E+00,  0.000000E+00
  1.112370E+03,  3.293440E-11,  0.000000E+00,  0.000000E+00,  0.000000E+00
  1.113485E+03,  3.754522E-11,  0.000000E+00,  0.000000E+00,  0.000000E+00
  1.114602E+03,  4.614784E-11,  0.000000E+00,  0.000000E+00,  0.000000E+00
  1.115719E+03,  8.174080E-11,  0.000000E+00,  0.000000E+00,  0.000000E+00
  1.116838E+03,  8.245504E-11,  0.000000E+00,  0.000000E+00,  0.000000E+00
  1.117957E+03,  7.975680E-11,  0.000000E+00,  0.000000E+00,  0.000000E+00
  1.119078E+03,  1.135642E-10,  0.000000E+00,  0.000000E+00,  0.000000E+00
  1.120200E+03,  1.105485E-10,  0.000000E+00,  0.000000E+00,  0.000000E+00
  1.121323E+03,  7.186841E-11,  0.000000E+00,  0.000000E+00,  0.000000E+00
  1.122447E+03,  6.975744E-11,  0.000000E+00,  0.000000E+00,  0.000000E+00
  1.123572E+03,  1.282458E-10,  0.000000E+00,  0.000000E+00,  0.000000E+00
  1.124699E+03,  1.580851E-10,  0.000000E+00,  0.000000E+00,  0.000000E+00
  1.125826E+03,  1.615770E-10,  0.000000E+00,  0.000000E+00,  0.000000E+00
  1.126955E+03,  1.341184E-10,  0.000000E+00,  0.000000E+00,  0.000000E+00
  1.128085E+03,  8.229632E-11,  0.000000E+00,  0.000000E+00,  0.000000E+00
  1.129215E+03,  5.954381E-11,  0.000000E+00,  0.000000E+00,  0.000000E+00
  1.130348E+03,  9.681920E-11,  0.000000E+00,  0.000000E+00,  0.000000E+00
  1.131481E+03,  1.457843E-10,  0.000000E+00,  0.000000E+00,  0.000000E+00
  1.132615E+03,  1.511014E-10,  0.000000E+00,  0.000000E+00,  0.000000E+00
  1.133750E+03,  1.326106E-10,  0.000000E+00,  0.000000E+00,  0.000000E+00
  1.134887E+03,  1.457050E-10,  0.000000E+00,  0.000000E+00,  0.000000E+00
  1.136025E+03,  1.804646E-10,  0.000000E+00,  0.000000E+00,  0.000000E+00
  1.137164E+03,  1.768934E-10,  0.000000E+00,  0.000000E+00,  0.000000E+00
  1.138304E+03,  1.257062E-10,  0.000000E+00,  0.000000E+00,  0.000000E+00
  1.139445E+03,  6.970982E-11,  0.000000E+00,  0.000000E+00,  0.000000E+00
  1.140587E+03,  7.344768E-11,  0.000000E+00,  0.000000E+00,  0.000000E+00
  1.141731E+03,  1.040410E-10,  0.000000E+00,  0.000000E+00,  0.000000E+00
  1.142875E+03,  1.068979E-10,  0.000000E+00,  0.000000E+00,  0.000000E+00
  1.144021E+03,  1.108659E-10,  0.000000E+00,  0.000000E+00,  0.000000E+00
  1.145168E+03,  1.445939E-10,  0.000000E+00,  0.000000E+00,  0.000000E+00
  1.146316E+03,  1.542758E-10,  0.000000E+00,  0.000000E+00,  0.000000E+00
  1.147465E+03,  1.466573E-10,  0.000000E+00,  0.000000E+00,  0.000000E+00
  1.148615E+03,  1.588787E-10,  0.000000E+00,  0.000000E+00,  0.000000E+00
  1.149767E+03,  1.692749E-10,  0.000000E+00,  0.000000E+00,  0.000000E+00
  1.150919E+03,  1.687987E-10,  0.000000E+00,  0.000000E+00,  0.000000E+00
  1.152073E+03,  1.580058E-10,  0.000000E+00,  0.000000E+00,  0.000000E+00
  1.153228E+03,  1.500698E-10,  0.000000E+00,  0.000000E+00,  0.000000E+00
  1.154384E+03,  1.576883E-10,  0.000000E+00,  0.000000E+00,  0.000000E+00
  1.155542E+03,  1.484032E-10,  0.000000E+00,  0.000000E+00,  0.000000E+00
  1.156700E+03,  1.108659E-10,  0.000000E+00,  0.000000E+00,  0.000000E+00
  1.157860E+03,  7.714585E-11,  0.000000E+00,  0.000000E+00,  0.000000E+00
  1.159020E+03,  8.888320E-11,  0.000000E+00,  0.000000E+00,  0.000000E+00
  1.160182E+03,  1.240397E-10,  0.000000E+00,  0.000000E+00,  0.000000E+00
  1.161345E+03,  1.360230E-10,  0.000000E+00,  0.000000E+00,  0.000000E+00
  1.162510E+03,  1.302298E-10,  0.000000E+00,  0.000000E+00,  0.000000E+00
  1.163675E+03,  1.120563E-10,  0.000000E+00,  0.000000E+00,  0.000000E+00
  1.164842E+03,  1.007078E-10,  0.000000E+00,  0.000000E+00,  0.000000E+00
  1.166009E+03,  9.332736E-11,  0.000000E+00,  0.000000E+00,  0.000000E+00
  1.167178E+03,  7.847911E-11,  0.000000E+00,  0.000000E+00,  0.000000E+00
  1.168348E+03,  6.737664E-11,  0.000000E+00,  0.000000E+00,  0.000000E+00
  1.169520E+03,  5.942477E-11,  0.000000E+00,  0.000000E+00,  0.000000E+00
  1.170692E+03,  5.177446E-11,  0.000000E+00,  0.000000E+00,  0.000000E+00
  1.171866E+03,  5.170304E-11,  0.000000E+00,  0.000000E+00,  0.000000E+00
  1.173040E+03,  5.190938E-11,  0.000000E+00,  0.000000E+00,  0.000000E+00
  1.174216E+03,  4.727475E-11,  0.000000E+00,  0.000000E+00,  0.000000E+00
  1.175394E+03,  4.179098E-11,  0.000000E+00,  0.000000E+00,  0.000000E+00
  1.176572E+03,  3.790233E-11,  0.000000E+00,  0.000000E+00,  0.000000E+00
  1.177751E+03,  3.535488E-11,  0.000000E+00,  0.000000E+00,  0.000000E+00
  1.178932E+03,  3.088691E-11,  0.000000E+00,  0.000000E+00,  0.000000E+00
  1.180114E+03,  2.472064E-11,  0.000000E+00,  0.000000E+00,  0.000000E+00
  1.181297E+03,  2.111770E-11,  0.000000E+00,  0.000000E+00,  0.000000E+00
  1.182481E+03,  1.925274E-11,  0.000000E+00,  0.000000E+00,  0.000000E+00
  1.183667E+03,  1.682432E-11,  0.000000E+00,  0.000000E+00,  0.000000E+00
  1.184853E+03,  1.502285E-11,  0.000000E+00,  0.000000E+00,  0.000000E+00
  1.186041E+03,  1.385626E-11,  0.000000E+00,  0.000000E+00,  0.000000E+00
  1.187230E+03,  1.240397E-11,  0.000000E+00,  0.000000E+00,  0.000000E+00
  1.188420E+03,  9.991424E-12,  0.000000E+00,  0.000000E+00,  0.000000E+00
  1.189612E+03,  7.874099E-12,  0.000000E+00,  0.000000E+00,  0.000000E+00
  1.190804E+03,  7.693952E-12,  0.000000E+00,  0.000000E+00,  0.000000E+00
  1.191998E+03,  7.441587E-12,  0.000000E+00,  0.000000E+00,  0.000000E+00
  1.193193E+03,  5.635354E-12,  0.000000E+00,  0.000000E+00,  0.000000E+00
  1.194389E+03,  5.403622E-12,  0.000000E+00,  0.000000E+00,  0.000000E+00
  1.195587E+03,  6.967808E-12,  0.000000E+00,  0.000000E+00,  0.000000E+00
  1.196785E+03,  7.319372E-12,  0.000000E+00,  0.000000E+00,  0.000000E+00
  1.197985E+03,  7.107482E-12,  0.000000E+00,  0.000000E+00,  0.000000E+00
  1.199186E+03,  6.857498E-12,  0.000000E+00,  0.000000E+00,  0.000000E+00
  1.200388E+03,  6.590054E-12,  0.000000E+00,  0.000000E+00,  0.000000E+00
  1.201592E+03,  6.767821E-12,  0.000000E+00,  0.000000E+00,  0.000000E+00
  1.202796E+03,  6.735283E-12,  0.000000E+00,  0.000000E+00,  0.000000E+00
  1.204002E+03,  6.300390E-12,  0.000000E+00,  0.000000E+00,  0.000000E+00
  1.205209E+03,  5.734554E-12,  0.000000E+00,  0.000000E+00,  0.000000E+00
  1.206417E+03,  5.138560E-12,  0.000000E+00,  0.000000E+00,  0.000000E+00
  1.207627E+03,  4.537011E-12,  0.000000E+00,  0.000000E+00,  0.000000E+00
  1.208837E+03,  3.864038E-12,  0.000000E+00,  0.000000E+00,  0.000000E+00
  1.210049E+03,  3.112499E-12,  0.000000E+00,  0.000000E+00,  0.000000E+00
  1.211262E+03,  2.303821E-12,  0.000000E+00,  0.000000E+00,  0.000000E+00
  1.212477E+03,  1.481651E-12,  0.000000E+00,  0.000000E+00,  0.000000E+00
  1.213692E+03,  7.581261E-13,  0.000000E+00,  0.000000E+00,  0.000000E+00
  1.214909E+03,  3.013299E-13,  0.000000E+00,  0.000000E+00,  0.000000E+00
  1.216127E+03,  2.845056E-13,  0.000000E+00,  0.000000E+00,  0.000000E+00
  1.217346E+03,  7.356672E-13,  0.000000E+00,  0.000000E+00,  0.000000E+00
  1.218566E+03,  1.507840E-12,  0.000000E+00,  0.000000E+00,  0.000000E+00
  1.219788E+03,  2.430003E-12,  0.000000E+00,  0.000000E+00,  0.000000E+00
  1.221011E+03,  3.396608E-12,  0.000000E+00,  0.000000E+00,  0.000000E+00
  1.222235E+03,  4.341786E-12,  0.000000E+00,  0.000000E+00,  0.000000E+00
  1.223460E+03,  5.213952E-12,  0.000000E+00,  0.000000E+00,  0.000000E+00
  1.224687E+03,  6.041677E-12,  0.000000E+00,  0.000000E+00,  0.000000E+00
  1.225914E+03,  6.862259E-12,  0.000000E+00,  0.000000E+00,  0.000000E+00
  1.227143E+03,  7.621734E-12,  0.000000E+00,  0.000000E+00,  0.000000E+00
  1.228374E+03,  8.372480E-12,  0.000000E+00,  0.000000E+00,  0.000000E+00
  1.229605E+03,  9.174016E-12,  0.000000E+00,  0.000000E+00,  0.000000E+00
  1.230838E+03,  9.991424E-12,  0.000000E+00,  0.000000E+00,  0.000000E+00
  1.232072E+03,  1.083264E-11,  0.000000E+00,  0.000000E+00,  0.000000E+00
  1.233307E+03,  1.157069E-11,  0.000000E+00,  0.000000E+00,  0.000000E+00
  1.234543E+03,  1.245158E-11,  0.000000E+00,  0.000000E+00,  0.000000E+00
  1.235781E+03,  1.338010E-11,  0.000000E+00,  0.000000E+00,  0.000000E+00
  1.237020E+03,  1.433242E-11,  0.000000E+00,  0.000000E+00,  0.000000E+00
  1.238260E+03,  1.526093E-11,  0.000000E+00,  0.000000E+00,  0.000000E+00
  1.239501E+03,  1.631642E-11,  0.000000E+00,  0.000000E+00,  0.000000E+00
  1.240744E+03,  1.791155E-11,  0.000000E+00,  0.000000E+00,  0.000000E+00
  1.241988E+03,  1.936384E-11,  0.000000E+00,  0.000000E+00,  0.000000E+00
  1.243233E+03,  2.139546E-11,  0.000000E+00,  0.000000E+00,  0.000000E+00
  1.244479E+03,  2.541901E-11,  0.000000E+00,  0.000000E+00,  0.000000E+00
  1.245727E+03,  3.014886E-11,  0.000000E+00,  0.000000E+00,  0.000000E+00
  1.246975E+03,  3.671194E-11,  0.000000E+00,  0.000000E+00,  0.000000E+00
  1.248226E+03,  4.814771E-11,  0.000000E+00,  0.000000E+00,  0.000000E+00
  1.249477E+03,  6.404352E-11,  0.000000E+00,  0.000000E+00,  0.000000E+00
  1.250730E+03,  8.856576E-11,  0.000000E+00,  0.000000E+00,  0.000000E+00
  1.251983E+03,  1.302298E-10,  0.000000E+00,  0.000000E+00,  0.000000E+00
  1.253239E+03,  1.771315E-10,  0.000000E+00,  0.000000E+00,  0.000000E+00
  1.254495E+03,  2.323661E-10,  0.000000E+00,  0.000000E+00,  0.000000E+00
  1.255753E+03,  2.901402E-10,  0.000000E+00,  0.000000E+00,  0.000000E+00
  1.257011E+03,  3.318042E-10,  0.000000E+00,  0.000000E+00,  0.000000E+00
  1.258272E+03,  3.278361E-10,  0.000000E+00,  0.000000E+00,  0.000000E+00
  1.259533E+03,  2.247475E-10,  0.000000E+00,  0.000000E+00,  0.000000E+00
  1.260796E+03,  1.657830E-10,  0.000000E+00,  0.000000E+00,  0.000000E+00
  1.262060E+03,  3.000601E-10,  0.000000E+00,  0.000000E+00,  0.000000E+00
  1.263325E+03,  3.528346E-10,  0.000000E+00,  0.000000E+00,  0.000000E+00
  1.264591E+03,  2.706970E-10,  0.000000E+00,  0.000000E+00,  0.000000E+00
  1.265859E+03,  4.306867E-10,  0.000000E+00,  0.000000E+00,  0.000000E+00
  1.267128E+03,  7.616179E-10,  0.000000E+00,  0.000000E+00,  0.000000E+00
  1.268398E+03,  1.055488E-09,  0.000000E+00,  0.000000E+00,  0.000000E+00
  1.269670E+03,  1.209446E-09,  0.000000E+00,  0.000000E+00,  0.000000E+00
  1.270943E+03,  1.229286E-09,  0.000000E+00,  0.000000E+00,  0.000000E+00
  1.272217E+03,  1.307853E-09,  0.000000E+00,  0.000000E+00,  0.000000E+00
  1.273492E+03,  1.396736E-09,  0.000000E+00,  0.000000E+00,  0.000000E+00
  1.274769E+03,  1.270554E-09,  0.000000E+00,  0.000000E+00,  0.000000E+00
  1.276047E+03,  1.118976E-09,  0.000000E+00,  0.000000E+00,  0.000000E+00
  1.277326E+03,  1.158656E-09,  0.000000E+00,  0.000000E+00,  0.000000E+00
  1.278607E+03,  1.388006E-09,  0.000000E+00,  0.000000E+00,  0.000000E+00
  1.279889E+03,  1.364992E-09,  0.000000E+00,  0.000000E+00,  0.000000E+00
  1.281172E+03,  1.853850E-09,  0.000000E+00,  0.000000E+00,  0.000000E+00
  1.282456E+03,  2.496666E-09,  0.000000E+00,  0.000000E+00,  0.000000E+00
  1.283742E+03,  2.761728E-09,  0.000000E+00,  0.000000E+00,  0.000000E+00
  1.285029E+03,  2.871245E-09,  0.000000E+00,  0.000000E+00,  0.000000E+00
  1.286317E+03,  2.640307E-09,  0.000000E+00,  0.000000E+00,  0.000000E+00
  1.287606E+03,  2.210970E-09,  0.000000E+00,  0.000000E+00,  0.000000E+00
  1.288897E+03,  2.119706E-09,  0.000000E+00,  0.000000E+00,  0.000000E+00
  1.290189E+03,  2.437939E-09,  0.000000E+00,  0.000000E+00,  0.000000E+00
  1.291483E+03,  2.747443E-09,  0.000000E+00,  0.000000E+00,  0.000000E+00
  1.292777E+03,  2.876006E-09,  0.000000E+00,  0.000000E+00,  0.000000E+00
  1.294073E+03,  2.832358E-09,  0.000000E+00,  0.000000E+00,  0.000000E+00
  1.295371E+03,  2.707763E-09,  0.000000E+00,  0.000000E+00,  0.000000E+00
  1.296669E+03,  2.874419E-09,  0.000000E+00,  0.000000E+00,  0.000000E+00
  1.297969E+03,  3.004569E-09,  0.000000E+00,  0.000000E+00,  0.000000E+00
  1.299271E+03,  2.929971E-09,  0.000000E+00,  0.000000E+00,  0.000000E+00
  1.300573E+03,  2.749824E-09,  0.000000E+00,  0.000000E+00,  0.000000E+00
  1.301877E+03,  2.026061E-09,  0.000000E+00,  0.000000E+00,  0.000000E+00
  1.303182E+03,  1.569741E-09,  0.000000E+00,  0.000000E+00,  0.000000E+00
  1.304488E+03,  1.108659E-09,  0.000000E+00,  0.000000E+00,  0.000000E+00
  1.305796E+03,  1.368960E-09,  0.000000E+00,  0.000000E+00,  0.000000E+00
  1.307105E+03,  2.353024E-09,  0.000000E+00,  0.000000E+00,  0.000000E+00
  1.308416E+03,  2.202240E-09,  0.000000E+00,  0.000000E+00,  0.000000E+00
  1.309727E+03,  1.757030E-09,  0.000000E+00,  0.000000E+00,  0.000000E+00
  1.311040E+03,  2.351437E-09,  0.000000E+00,  0.000000E+00,  0.000000E+00
  1.312355E+03,  3.290266E-09,  0.000000E+00,  0.000000E+00,  0.000000E+00
  1.313670E+03,  4.018790E-09,  0.000000E+00,  0.000000E+00,  0.000000E+00
  1.314987E+03,  4.018790E-09,  0.000000E+00,  0.000000E+00,  0.000000E+00
  1.316306E+03,  3.585485E-09,  0.000000E+00,  0.000000E+00,  0.000000E+00
  1.317625E+03,  3.811661E-09,  0.000000E+00,  0.000000E+00,  0.000000E+00
  1.318946E+03,  4.090214E-09,  0.000000E+00,  0.000000E+00,  0.000000E+00
  1.320268E+03,  4.382259E-09,  0.000000E+00,  0.000000E+00,  0.000000E+00
  1.321592E+03,  4.631449E-09,  0.000000E+00,  0.000000E+00,  0.000000E+00
  1.322917E+03,  4.320358E-09,  0.000000E+00,  0.000000E+00,  0.000000E+00
  1.324243E+03,  4.373529E-09,  0.000000E+00,  0.000000E+00,  0.000000E+00
  1.325571E+03,  4.681446E-09,  0.000000E+00,  0.000000E+00,  0.000000E+00
  1.326899E+03,  4.344166E-09,  0.000000E+00,  0.000000E+00,  0.000000E+00
  1.328230E+03,  3.921971E-09,  0.000000E+00,  0.000000E+00,  0.000000E+00
  1.329561E+03,  3.998950E-09,  0.000000E+00,  0.000000E+00,  0.000000E+00
  1.330894E+03,  4.606054E-09,  0.000000E+00,  0.000000E+00,  0.000000E+00
  1.332228E+03,  4.760806E-09,  0.000000E+00,  0.000000E+00,  0.000000E+00
  1.333564E+03,  3.795789E-09,  0.000000E+00,  0.000000E+00,  0.000000E+00
  1.334901E+03,  2.533171E-09,  0.000000E+00,  0.000000E+00,  0.000000E+00
  1.336239E+03,  3.065677E-09,  0.000000E+00,  0.000000E+00,  0.000000E+00
  1.337579E+03,  4.601293E-09,  0.000000E+00,  0.000000E+00,  0.000000E+00
  1.338919E+03,  5.279821E-09,  0.000000E+00,  0.000000E+00,  0.000000E+00
  1.340262E+03,  5.281408E-09,  0.000000E+00,  0.000000E+00,  0.000000E+00
  1.341605E+03,  5.365529E-09,  0.000000E+00,  0.000000E+00,  0.000000E+00
  1.342950E+03,  5.485363E-09,  0.000000E+00,  0.000000E+00,  0.000000E+00
  1.344297E+03,  5.313946E-09,  0.000000E+00,  0.000000E+00,  0.000000E+00
  1.345644E+03,  5.113958E-09,  0.000000E+00,  0.000000E+00,  0.000000E+00
  1.346993E+03,  5.136973E-09,  0.000000E+00,  0.000000E+00,  0.000000E+00
  1.348344E+03,  5.152845E-09,  0.000000E+00,  0.000000E+00,  0.000000E+00
  1.349695E+03,  5.079833E-09,  0.000000E+00,  0.000000E+00,  0.000000E+00
  1.351048E+03,  5.180621E-09,  0.000000E+00,  0.000000E+00,  0.000000E+00
  1.352403E+03,  5.203635E-09,  0.000000E+00,  0.000000E+00,  0.000000E+00
  1.353759E+03,  5.229030E-09,  0.000000E+00,  0.000000E+00,  0.000000E+00
  1.355116E+03,  5.185382E-09,  0.000000E+00,  0.000000E+00,  0.000000E+00
  1.356474E+03,  5.083008E-09,  0.000000E+00,  0.000000E+00,  0.000000E+00
  1.357834E+03,  5.008410E-09,  0.000000E+00,  0.000000E+00,  0.000000E+00
  1.359195E+03,  4.723507E-09,  0.000000E+00,  0.000000E+00,  0.000000E+00
  1.360558E+03,  4.768742E-09,  0.000000E+00,  0.000000E+00,  0.000000E+00
  1.361922E+03,  4.910797E-09,  0.000000E+00,  0.000000E+00,  0.000000E+00
  1.363287E+03,  4.779853E-09,  0.000000E+00,  0.000000E+00,  0.000000E+00
  1.364654E+03,  4.702080E-09,  0.000000E+00,  0.000000E+00,  0.000000E+00
  1.366022E+03,  4.781440E-09,  0.000000E+00,  0.000000E+00,  0.000000E+00
  1.367392E+03,  4.409241E-09,  0.000000E+00,  0.000000E+00,  0.000000E+00
  1.368762E+03,  4.286234E-09,  0.000000E+00,  0.000000E+00,  0.000000E+00
  1.370135E+03,  4.763981E-09,  0.000000E+00,  0.000000E+00,  0.000000E+00
  1.371508E+03,  5.252838E-09,  0.000000E+00,  0.000000E+00,  0.000000E+00
  1.372883E+03,  5.333785E-09,  0.000000E+00,  0.000000E+00,  0.000000E+00
  1.374259E+03,  5.121101E-09,  0.000000E+00,  0.000000E+00,  0.000000E+00
  1.375637E+03,  5.231411E-09,  0.000000E+00,  0.000000E+00,  0.000000E+00
  1.377016E+03,  5.526630E-09,  0.000000E+00,  0.000000E+00,  0.000000E+00
  1.378397E+03,  5.264742E-09,  0.000000E+00,  0.000000E+00,  0.000000E+00
  1.379778E+03,  4.837786E-09,  0.000000E+00,  0.000000E+00,  0.000000E+00
  1.381162E+03,  4.675098E-09,  0.000000E+00,  0.000000E+00,  0.000000E+00
  1.382546E+03,  4.906829E-09,  0.000000E+00,  0.000000E+00,  0.000000E+00
  1.383932E+03,  4.967936E-09,  0.000000E+00,  0.000000E+00,  0.000000E+00
  1.385320E+03,  4.990950E-09,  0.000000E+00,  0.000000E+00,  0.000000E+00
  1.386708E+03,  5.502822E-09,  0.000000E+00,  0.000000E+00,  0.000000E+00
  1.388099E+03,  5.830579E-09,  0.000000E+00,  0.000000E+00,  0.000000E+00
  1.389490E+03,  6.080563E-09,  0.000000E+00,  0.000000E+00,  0.000000E+00
  1.390883E+03,  5.901210E-09,  0.000000E+00,  0.000000E+00,  0.000000E+00
  1.392278E+03,  5.484570E-09,  0.000000E+00,  0.000000E+00,  0.000000E+00
  1.393673E+03,  5.663923E-09,  0.000000E+00,  0.000000E+00,  0.000000E+00
  1.395070E+03,  6.029773E-09,  0.000000E+00,  0.000000E+00,  0.000000E+00
  1.396469E+03,  5.854387E-09,  0.000000E+00,  0.000000E+00,  0.000000E+00
  1.397869E+03,  5.490918E-09,  0.000000E+00,  0.000000E+00,  0.000000E+00
  1.399270E+03,  5.425050E-09,  0.000000E+00,  0.000000E+00,  0.000000E+00
  1.400673E+03,  5.482983E-09,  0.000000E+00,  0.000000E+00,  0.000000E+00
  1.402077E+03,  5.571866E-09,  0.000000E+00,  0.000000E+00,  0.000000E+00
  1.403483E+03,  5.960730E-09,  0.000000E+00,  0.000000E+00,  0.000000E+00
  1.404890E+03,  6.155955E-09,  0.000000E+00,  0.000000E+00,  0.000000E+00
  1.406298E+03,  6.042470E-09,  0.000000E+00,  0.000000E+00,  0.000000E+00
  1.407708E+03,  5.838515E-09,  0.000000E+00,  0.000000E+00,  0.000000E+00
  1.409119E+03,  5.513933E-09,  0.000000E+00,  0.000000E+00,  0.000000E+00
  1.410532E+03,  5.219507E-09,  0.000000E+00,  0.000000E+00,  0.000000E+00
  1.411946E+03,  5.377434E-09,  0.000000E+00,  0.000000E+00,  0.000000E+00
  1.413361E+03,  5.375846E-09,  0.000000E+00,  0.000000E+00,  0.000000E+00
  1.414778E+03,  5.023488E-09,  0.000000E+00,  0.000000E+00,  0.000000E+00
  1.416197E+03,  5.148083E-09,  0.000000E+00,  0.000000E+00,  0.000000E+00
  1.417616E+03,  5.370291E-09,  0.000000E+00,  0.000000E+00,  0.000000E+00
  1.419038E+03,  5.506790E-09,  0.000000E+00,  0.000000E+00,  0.000000E+00
  1.420460E+03,  5.641702E-09,  0.000000E+00,  0.000000E+00,  0.000000E+00
  1.421884E+03,  5.835341E-09,  0.000000E+00,  0.000000E+00,  0.000000E+00
  1.423310E+03,  5.656781E-09,  0.000000E+00,  0.000000E+00,  0.000000E+00
  1.424736E+03,  5.509965E-09,  0.000000E+00,  0.000000E+00,  0.000000E+00
  1.426165E+03,  5.993267E-09,  0.000000E+00,  0.000000E+00,  0.000000E+00
  1.427595E+03,  6.099610E-09,  0.000000E+00,  0.000000E+00,  0.000000E+00
  1.429026E+03,  5.886131E-09,  0.000000E+00,  0.000000E+00,  0.000000E+00
  1.430458E+03,  5.260775E-09,  0.000000E+00,  0.000000E+00,  0.000000E+00
  1.431892E+03,  4.480666E-09,  0.000000E+00,  0.000000E+00,  0.000000E+00
  1.433328E+03,  4.498919E-09,  0.000000E+00,  0.000000E+00,  0.000000E+00
  1.434765E+03,  5.067930E-09,  0.000000E+00,  0.000000E+00,  0.000000E+00
  1.436203E+03,  5.734554E-09,  0.000000E+00,  0.000000E+00,  0.000000E+00
  1.437643E+03,  6.063897E-09,  0.000000E+00,  0.000000E+00,  0.000000E+00
  1.439084E+03,  6.072627E-09,  0.000000E+00,  0.000000E+00,  0.000000E+00
  1.440527E+03,  6.088499E-09,  0.000000E+00,  0.000000E+00,  0.000000E+00
  1.441971E+03,  5.939302E-09,  0.000000E+00,  0.000000E+00,  0.000000E+00
  1.443416E+03,  6.014694E-09,  0.000000E+00,  0.000000E+00,  0.000000E+00
  1.444864E+03,  6.283725E-09,  0.000000E+00,  0.000000E+00,  0.000000E+00
  1.446312E+03,  6.404352E-09,  0.000000E+00,  0.000000E+00,  0.000000E+00
  1.447762E+03,  6.324198E-09,  0.000000E+00,  0.000000E+00,  0.000000E+00
  1.449213E+03,  6.461491E-09,  0.000000E+00,  0.000000E+00,  0.000000E+00
  1.450666E+03,  6.553549E-09,  0.000000E+00,  0.000000E+00,  0.000000E+00
  1.452120E+03,  6.555136E-09,  0.000000E+00,  0.000000E+00,  0.000000E+00
  1.453576E+03,  6.504345E-09,  0.000000E+00,  0.000000E+00,  0.000000E+00
  1.455033E+03,  6.377370E-09,  0.000000E+00,  0.000000E+00,  0.000000E+00
  1.456492E+03,  6.455936E-09,  0.000000E+00,  0.000000E+00,  0.000000E+00
  1.457952E+03,  6.580531E-09,  0.000000E+00,  0.000000E+00,  0.000000E+00
  1.459414E+03,  6.613862E-09,  0.000000E+00,  0.000000E+00,  0.000000E+00
  1.460877E+03,  6.398797E-09,  0.000000E+00,  0.000000E+00,  0.000000E+00
  1.462341E+03,  6.022630E-09,  0.000000E+00,  0.000000E+00,  0.000000E+00
  1.463807E+03,  6.061517E-09,  0.000000E+00,  0.000000E+00,  0.000000E+00
  1.465275E+03,  6.148019E-09,  0.000000E+00,  0.000000E+00,  0.000000E+00
  1.466744E+03,  5.507584E-09,  0.000000E+00,  0.000000E+00,  0.000000E+00
  1.468214E+03,  5.253632E-09,  0.000000E+00,  0.000000E+00,  0.000000E+00
  1.469686E+03,  5.583769E-09,  0.000000E+00,  0.000000E+00,  0.000000E+00
  1.471159E+03,  5.800422E-09,  0.000000E+00,  0.000000E+00,  0.000000E+00
  1.472634E+03,  5.714714E-09,  0.000000E+00,  0.000000E+00,  0.000000E+00
  1.474111E+03,  5.413939E-09,  0.000000E+00,  0.000000E+00,  0.000000E+00
  1.475588E+03,  5.555993E-09,  0.000000E+00,  0.000000E+00,  0.000000E+00
  1.477068E+03,  5.823437E-09,  0.000000E+00,  0.000000E+00,  0.000000E+00
  1.478548E+03,  6.091673E-09,  0.000000E+00,  0.000000E+00,  0.000000E+00
  1.480031E+03,  6.094054E-09,  0.000000E+00,  0.000000E+00,  0.000000E+00
  1.481514E+03,  5.617101E-09,  0.000000E+00,  0.000000E+00,  0.000000E+00
  1.483000E+03,  5.505997E-09,  0.000000E+00,  0.000000E+00,  0.000000E+00
  1.484486E+03,  5.725030E-09,  0.000000E+00,  0.000000E+00,  0.000000E+00
  1.485975E+03,  6.151987E-09,  0.000000E+00,  0.000000E+00,  0.000000E+00
  1.487464E+03,  6.621005E-09,  0.000000E+00,  0.000000E+00,  0.000000E+00
  1.488955E+03,  6.844800E-09,  0.000000E+00,  0.000000E+00,  0.000000E+00
  1.490448E+03,  6.702745E-09,  0.000000E+00,  0.000000E+00,  0.000000E+00
  1.491942E+03,  5.978982E-09,  0.000000E+00,  0.000000E+00,  0.000000E+00
  1.493438E+03,  5.630592E-09,  0.000000E+00,  0.000000E+00,  0.000000E+00
  1.494935E+03,  6.232141E-09,  0.000000E+00,  0.000000E+00,  0.000000E+00
  1.496434E+03,  6.924954E-09,  0.000000E+00,  0.000000E+00,  0.000000E+00
  1.497934E+03,  7.176525E-09,  0.000000E+00,  0.000000E+00,  0.000000E+00
  1.499436E+03,  7.043200E-09,  0.000000E+00,  0.000000E+00,  0.000000E+00
  1.500939E+03,  6.878924E-09,  0.000000E+00,  0.000000E+00,  0.000000E+00
  1.502444E+03,  7.025741E-09,  0.000000E+00,  0.000000E+00,  0.000000E+00
  1.503950E+03,  7.208269E-09,  0.000000E+00,  0.000000E+00,  0.000000E+00
  1.505457E+03,  7.020979E-09,  0.000000E+00,  0.000000E+00,  0.000000E+00
  1.506967E+03,  6.590848E-09,  0.000000E+00,  0.000000E+00,  0.000000E+00
  1.508477E+03,  6.115482E-09,  0.000000E+00,  0.000000E+00,  0.000000E+00
  1.509990E+03,  5.943270E-09,  0.000000E+00,  0.000000E+00,  0.000000E+00
  1.511503E+03,  5.942477E-09,  0.000000E+00,  0.000000E+00,  0.000000E+00
  1.513019E+03,  6.097229E-09,  0.000000E+00,  0.000000E+00,  0.000000E+00
  1.514536E+03,  6.157543E-09,  0.000000E+00,  0.000000E+00,  0.000000E+00
  1.516054E+03,  6.443238E-09,  0.000000E+00,  0.000000E+00,  0.000000E+00
  1.517574E+03,  7.005901E-09,  0.000000E+00,  0.000000E+00,  0.000000E+00
  1.519095E+03,  7.040819E-09,  0.000000E+00,  0.000000E+00,  0.000000E+00
  1.520618E+03,  6.907494E-09,  0.000000E+00,  0.000000E+00,  0.000000E+00
  1.522142E+03,  6.908288E-09,  0.000000E+00,  0.000000E+00,  0.000000E+00
  1.523668E+03,  6.764646E-09,  0.000000E+00,  0.000000E+00,  0.000000E+00
  1.525196E+03,  5.915494E-09,  0.000000E+00,  0.000000E+00,  0.000000E+00
  1.526725E+03,  5.152051E-09,  0.000000E+00,  0.000000E+00,  0.000000E+00
  1.528255E+03,  6.032153E-09,  0.000000E+00,  0.000000E+00,  0.000000E+00
  1.529787E+03,  6.729728E-09,  0.000000E+00,  0.000000E+00,  0.000000E+00
  1.531321E+03,  6.204365E-09,  0.000000E+00,  0.000000E+00,  0.000000E+00
  1.532856E+03,  5.060787E-09,  0.000000E+00,  0.000000E+00,  0.000000E+00
  1.534393E+03,  5.285376E-09,  0.000000E+00,  0.000000E+00,  0.000000E+00
  1.535931E+03,  6.008345E-09,  0.000000E+00,  0.000000E+00,  0.000000E+00
  1.537471E+03,  6.284518E-09,  0.000000E+00,  0.000000E+00,  0.000000E+00
  1.539012E+03,  6.497203E-09,  0.000000E+00,  0.000000E+00,  0.000000E+00
  1.540555E+03,  6.426573E-09,  0.000000E+00,  0.000000E+00,  0.000000E+00
  1.542099E+03,  6.301184E-09,  0.000000E+00,  0.000000E+00,  0.000000E+00
  1.543645E+03,  6.372608E-09,  0.000000E+00,  0.000000E+00,  0.000000E+00
  1.545193E+03,  6.201190E-09,  0.000000E+00,  0.000000E+00,  0.000000E+00
  1.546742E+03,  6.182938E-09,  0.000000E+00,  0.000000E+00,  0.000000E+00
  1.548293E+03,  6.326579E-09,  0.000000E+00,  0.000000E+00,  0.000000E+00
  1.549845E+03,  6.399590E-09,  0.000000E+00,  0.000000E+00,  0.000000E+00
  1.551399E+03,  5.992474E-09,  0.000000E+00,  0.000000E+00,  0.000000E+00
  1.552954E+03,  5.461555E-09,  0.000000E+00,  0.000000E+00,  0.000000E+00
  1.554511E+03,  5.148877E-09,  0.000000E+00,  0.000000E+00,  0.000000E+00
  1.556069E+03,  5.246489E-09,  0.000000E+00,  0.000000E+00,  0.000000E+00
  1.557629E+03,  5.320294E-09,  0.000000E+00,  0.000000E+00,  0.000000E+00
  1.559191E+03,  4.152909E-09,  0.000000E+00,  0.000000E+00,  0.000000E+00
  1.560754E+03,  2.889498E-09,  0.000000E+00,  0.000000E+00,  0.000000E+00
  1.562318E+03,  3.337882E-09,  0.000000E+00,  0.000000E+00,  0.000000E+00
  1.563884E+03,  4.695731E-09,  0.000000E+00,  0.000000E+00,  0.000000E+00
  1.565452E+03,  5.651226E-09,  0.000000E+00,  0.000000E+00,  0.000000E+00
  1.567022E+03,  5.701222E-09,  0.000000E+00,  0.000000E+00,  0.000000E+00
  1.568593E+03,  5.852006E-09,  0.000000E+00,  0.000000E+00,  0.000000E+00
  1.570165E+03,  6.045645E-09,  0.000000E+00,  0.000000E+00,  0.000000E+00
  1.571739E+03,  5.821850E-09,  0.000000E+00,  0.000000E+00,  0.000000E+00
  1.573315E+03,  5.035392E-09,  0.000000E+00,  0.000000E+00,  0.000000E+00
  1.574892E+03,  5.052851E-09,  0.000000E+00,  0.000000E+00,  0.000000E+00
  1.576471E+03,  5.809945E-09,  0.000000E+00,  0.000000E+00,  0.000000E+00
  1.578051E+03,  6.209127E-09,  0.000000E+00,  0.000000E+00,  0.000000E+00
  1.579633E+03,  6.353562E-09,  0.000000E+00,  0.000000E+00,  0.000000E+00
  1.581217E+03,  6.481331E-09,  0.000000E+00,  0.000000E+00,  0.000000E+00
  1.582802E+03,  6.763059E-09,  0.000000E+00,  0.000000E+00,  0.000000E+00
  1.584389E+03,  6.416256E-09,  0.000000E+00,  0.000000E+00,  0.000000E+00
  1.585977E+03,  6.105958E-09,  0.000000E+00,  0.000000E+00,  0.000000E+00
  1.587567E+03,  6.236903E-09,  0.000000E+00,  0.000000E+00,  0.000000E+00
  1.589159E+03,  6.435302E-09,  0.000000E+00,  0.000000E+00,  0.000000E+00
  1.590752E+03,  6.528947E-09,  0.000000E+00,  0.000000E+00,  0.000000E+00
  1.592347E+03,  6.627353E-09,  0.000000E+00,  0.000000E+00,  0.000000E+00
  1.593943E+03,  6.643226E-09,  0.000000E+00,  0.000000E+00,  0.000000E+00
  1.595541E+03,  6.760678E-09,  0.000000E+00,  0.000000E+00,  0.000000E+00
  1.597140E+03,  7.164621E-09,  0.000000E+00,  0.000000E+00,  0.000000E+00
  1.598742E+03,  7.120179E-09,  0.000000E+00,  0.000000E+00,  0.000000E+00
  1.600344E+03,  6.636877E-09,  0.000000E+00,  0.000000E+00,  0.000000E+00
  1.601949E+03,  6.527360E-09,  0.000000E+00,  0.000000E+00,  0.000000E+00
  1.603555E+03,  6.724173E-09,  0.000000E+00,  0.000000E+00,  0.000000E+00
  1.605162E+03,  6.595609E-09,  0.000000E+00,  0.000000E+00,  0.000000E+00
  1.606771E+03,  6.398797E-09,  0.000000E+00,  0.000000E+00,  0.000000E+00
  1.608382E+03,  6.323405E-09,  0.000000E+00,  0.000000E+00,  0.000000E+00
  1.609994E+03,  6.324992E-09,  0.000000E+00,  0.000000E+00,  0.000000E+00
  1.611609E+03,  6.176589E-09,  0.000000E+00,  0.000000E+00,  0.000000E+00
  1.613224E+03,  6.077389E-09,  0.000000E+00,  0.000000E+00,  0.000000E+00
  1.614841E+03,  6.351974E-09,  0.000000E+00,  0.000000E+00,  0.000000E+00
  1.616460E+03,  6.507520E-09,  0.000000E+00,  0.000000E+00,  0.000000E+00
  1.618081E+03,  6.349594E-09,  0.000000E+00,  0.000000E+00,  0.000000E+00
  1.619703E+03,  6.035328E-09,  0.000000E+00,  0.000000E+00,  0.000000E+00
  1.621327E+03,  5.727411E-09,  0.000000E+00,  0.000000E+00,  0.000000E+00
  1.622952E+03,  5.595674E-09,  0.000000E+00,  0.000000E+00,  0.000000E+00
  1.624579E+03,  5.719475E-09,  0.000000E+00,  0.000000E+00,  0.000000E+00
  1.626208E+03,  5.836928E-09,  0.000000E+00,  0.000000E+00,  0.000000E+00
  1.627838E+03,  5.875021E-09,  0.000000E+00,  0.000000E+00,  0.000000E+00
  1.629470E+03,  5.379814E-09,  0.000000E+00,  0.000000E+00,  0.000000E+00
  1.631103E+03,  5.220301E-09,  0.000000E+00,  0.000000E+00,  0.000000E+00
  1.632739E+03,  5.367117E-09,  0.000000E+00,  0.000000E+00,  0.000000E+00
  1.634375E+03,  5.744870E-09,  0.000000E+00,  0.000000E+00,  0.000000E+00
  1.636014E+03,  6.155162E-09,  0.000000E+00,  0.000000E+00,  0.000000E+00
  1.637654E+03,  6.309120E-09,  0.000000E+00,  0.000000E+00,  0.000000E+00
  1.639296E+03,  6.086118E-09,  0.000000E+00,  0.000000E+00,  0.000000E+00
  1.640939E+03,  6.080563E-09,  0.000000E+00,  0.000000E+00,  0.000000E+00
  1.642584E+03,  6.260710E-09,  0.000000E+00,  0.000000E+00,  0.000000E+00
  1.644231E+03,  6.503552E-09,  0.000000E+00,  0.000000E+00,  0.000000E+00
  1.645879E+03,  6.672589E-09,  0.000000E+00,  0.000000E+00,  0.000000E+00
  1.647529E+03,  6.574183E-09,  0.000000E+00,  0.000000E+00,  0.000000E+00
  1.649181E+03,  6.246426E-09,  0.000000E+00,  0.000000E+00,  0.000000E+00
  1.650834E+03,  6.284518E-09,  0.000000E+00,  0.000000E+00,  0.000000E+00
  1.652489E+03,  6.309120E-09,  0.000000E+00,  0.000000E+00,  0.000000E+00
  1.654146E+03,  5.527424E-09,  0.000000E+00,  0.000000E+00,  0.000000E+00
  1.655804E+03,  4.169575E-09,  0.000000E+00,  0.000000E+00,  0.000000E+00
  1.657464E+03,  3.470413E-09,  0.000000E+00,  0.000000E+00,  0.000000E+00
  1.659126E+03,  4.825088E-09,  0.000000E+00,  0.000000E+00,  0.000000E+00
  1.660789E+03,  5.962317E-09,  0.000000E+00,  0.000000E+00,  0.000000E+00
  1.662454E+03,  6.043264E-09,  0.000000E+00,  0.000000E+00,  0.000000E+00
  1.664120E+03,  6.189286E-09,  0.000000E+00,  0.000000E+00,  0.000000E+00
  1.665789E+03,  6.444032E-09,  0.000000E+00,  0.000000E+00,  0.000000E+00
  1.667459E+03,  6.193254E-09,  0.000000E+00,  0.000000E+00,  0.000000E+00
  1.669130E+03,  5.302835E-09,  0.000000E+00,  0.000000E+00,  0.000000E+00
  1.670804E+03,  4.561613E-09,  0.000000E+00,  0.000000E+00,  0.000000E+00
  1.672479E+03,  5.104435E-09,  0.000000E+00,  0.000000E+00,  0.000000E+00
  1.674155E+03,  5.441715E-09,  0.000000E+00,  0.000000E+00,  0.000000E+00
  1.675834E+03,  5.798042E-09,  0.000000E+00,  0.000000E+00,  0.000000E+00
  1.677514E+03,  6.144845E-09,  0.000000E+00,  0.000000E+00,  0.000000E+00
  1.679195E+03,  6.255155E-09,  0.000000E+00,  0.000000E+00,  0.000000E+00
  1.680879E+03,  6.586086E-09,  0.000000E+00,  0.000000E+00,  0.000000E+00
  1.682564E+03,  6.694810E-09,  0.000000E+00,  0.000000E+00,  0.000000E+00
  1.684251E+03,  6.541645E-09,  0.000000E+00,  0.000000E+00,  0.000000E+00
  1.685939E+03,  6.189286E-09,  0.000000E+00,  0.000000E+00,  0.000000E+00
  1.687629E+03,  6.085325E-09,  0.000000E+00,  0.000000E+00,  0.000000E+00
  1.689321E+03,  6.217062E-09,  0.000000E+00,  0.000000E+00,  0.000000E+00
  1.691015E+03,  6.144051E-09,  0.000000E+00,  0.000000E+00,  0.000000E+00
  1.692710E+03,  5.952000E-09,  0.000000E+00,  0.000000E+00,  0.000000E+00
  1.694407E+03,  5.742490E-09,  0.000000E+00,  0.000000E+00,  0.000000E+00
  1.696105E+03,  5.529805E-09,  0.000000E+00,  0.000000E+00,  0.000000E+00
  1.697806E+03,  5.640115E-09,  0.000000E+00,  0.000000E+00,  0.000000E+00
  1.699508E+03,  5.832960E-09,  0.000000E+00,  0.000000E+00,  0.000000E+00
  1.701212E+03,  5.730585E-09,  0.000000E+00,  0.000000E+00,  0.000000E+00
  1.702917E+03,  5.813120E-09,  0.000000E+00,  0.000000E+00,  0.000000E+00
  1.704624E+03,  5.987712E-09,  0.000000E+00,  0.000000E+00,  0.000000E+00
  1.706333E+03,  5.792487E-09,  0.000000E+00,  0.000000E+00,  0.000000E+00
  1.708044E+03,  5.526630E-09,  0.000000E+00,  0.000000E+00,  0.000000E+00
  1.709756E+03,  5.613133E-09,  0.000000E+00,  0.000000E+00,  0.000000E+00
  1.711470E+03,  5.733760E-09,  0.000000E+00,  0.000000E+00,  0.000000E+00
  1.713186E+03,  5.726617E-09,  0.000000E+00,  0.000000E+00,  0.000000E+00
  1.714903E+03,  5.694874E-09,  0.000000E+00,  0.000000E+00,  0.000000E+00
  1.716622E+03,  5.600435E-09,  0.000000E+00,  0.000000E+00,  0.000000E+00
  1.718343E+03,  5.451238E-09,  0.000000E+00,  0.000000E+00,  0.000000E+00
  1.720066E+03,  5.387750E-09,  0.000000E+00,  0.000000E+00,  0.000000E+00
  1.721790E+03,  5.690112E-09,  0.000000E+00,  0.000000E+00,  0.000000E+00
  1.723517E+03,  5.811533E-09,  0.000000E+00,  0.000000E+00,  0.000000E+00
  1.725244E+03,  5.395686E-09,  0.000000E+00,  0.000000E+00,  0.000000E+00
  1.726974E+03,  5.458381E-09,  0.000000E+00,  0.000000E+00,  0.000000E+00
  1.728705E+03,  5.951206E-09,  0.000000E+00,  0.000000E+00,  0.000000E+00
  1.730438E+03,  5.932954E-09,  0.000000E+00,  0.000000E+00,  0.000000E+00
  1.732173E+03,  5.888512E-09,  0.000000E+00,  0.000000E+00,  0.000000E+00
  1.733909E+03,  5.910733E-09,  0.000000E+00,  0.000000E+00,  0.000000E+00
  1.735648E+03,  5.949619E-09,  0.000000E+00,  0.000000E+00,  0.000000E+00
  1.737388E+03,  6.028979E-09,  0.000000E+00,  0.000000E+00,  0.000000E+00
  1.739129E+03,  6.113894E-09,  0.000000E+00,  0.000000E+00,  0.000000E+00
  1.740873E+03,  5.865497E-09,  0.000000E+00,  0.000000E+00,  0.000000E+00
  1.742618E+03,  5.689318E-09,  0.000000E+00,  0.000000E+00,  0.000000E+00
  1.744365E+03,  5.909146E-09,  0.000000E+00,  0.000000E+00,  0.000000E+00
  1.746114E+03,  6.008345E-09,  0.000000E+00,  0.000000E+00,  0.000000E+00
  1.747864E+03,  5.917081E-09,  0.000000E+00,  0.000000E+00,  0.000000E+00
  1.749617E+03,  5.990886E-09,  0.000000E+00,  0.000000E+00,  0.000000E+00
  1.751371E+03,  6.048026E-09,  0.000000E+00,  0.000000E+00,  0.000000E+00
  1.753126E+03,  6.240077E-09,  0.000000E+00,  0.000000E+00,  0.000000E+00
  1.754884E+03,  6.516249E-09,  0.000000E+00,  0.000000E+00,  0.000000E+00
  1.756643E+03,  6.463078E-09,  0.000000E+00,  0.000000E+00,  0.000000E+00
  1.758404E+03,  6.105165E-09,  0.000000E+00,  0.000000E+00,  0.000000E+00
  1.760167E+03,  5.722650E-09,  0.000000E+00,  0.000000E+00,  0.000000E+00
  1.761932E+03,  5.620275E-09,  0.000000E+00,  0.000000E+00,  0.000000E+00
  1.763698E+03,  5.376640E-09,  0.000000E+00,  0.000000E+00,  0.000000E+00
  1.765466E+03,  5.213952E-09,  0.000000E+00,  0.000000E+00,  0.000000E+00
  1.767236E+03,  5.529805E-09,  0.000000E+00,  0.000000E+00,  0.000000E+00
  1.769008E+03,  5.683763E-09,  0.000000E+00,  0.000000E+00,  0.000000E+00
  1.770781E+03,  5.701222E-09,  0.000000E+00,  0.000000E+00,  0.000000E+00
  1.772556E+03,  5.905971E-09,  0.000000E+00,  0.000000E+00,  0.000000E+00
  1.774333E+03,  6.120243E-09,  0.000000E+00,  0.000000E+00,  0.000000E+00
  1.776112E+03,  6.091673E-09,  0.000000E+00,  0.000000E+00,  0.000000E+00
  1.777892E+03,  6.182938E-09,  0.000000E+00,  0.000000E+00,  0.000000E+00
  1.779675E+03,  6.289280E-09,  0.000000E+00,  0.000000E+00,  0.000000E+00
  1.781459E+03,  6.182938E-09,  0.000000E+00,  0.000000E+00,  0.000000E+00
  1.783245E+03,  6.148813E-09,  0.000000E+00,  0.000000E+00,  0.000000E+00
  1.785033E+03,  5.933747E-09,  0.000000E+00,  0.000000E+00,  0.000000E+00
  1.786822E+03,  5.701222E-09,  0.000000E+00,  0.000000E+00,  0.000000E+00
  1.788613E+03,  5.994854E-09,  0.000000E+00,  0.000000E+00,  0.000000E+00
  1.790406E+03,  6.486093E-09,  0.000000E+00,  0.000000E+00,  0.000000E+00
  1.792201E+03,  6.609101E-09,  0.000000E+00,  0.000000E+00,  0.000000E+00
  1.793998E+03,  6.514662E-09,  0.000000E+00,  0.000000E+00,  0.000000E+00
  1.795796E+03,  6.408320E-09,  0.000000E+00,  0.000000E+00,  0.000000E+00
  1.797597E+03,  6.330547E-09,  0.000000E+00,  0.000000E+00,  0.000000E+00
  1.799399E+03,  6.497203E-09,  0.000000E+00,  0.000000E+00,  0.000000E+00
  1.801203E+03,  6.627353E-09,  0.000000E+00,  0.000000E+00,  0.000000E+00
  1.803008E+03,  6.433715E-09,  0.000000E+00,  0.000000E+00,  0.000000E+00
  1.804816E+03,  6.148813E-09,  0.000000E+00,  0.000000E+00,  0.000000E+00
  1.806625E+03,  5.910733E-09,  0.000000E+00,  0.000000E+00,  0.000000E+00
  1.808436E+03,  5.808358E-09,  0.000000E+00,  0.000000E+00,  0.000000E+00
  1.810249E+03,  6.106752E-09,  0.000000E+00,  0.000000E+00,  0.000000E+00
  1.812064E+03,  6.274995E-09,  0.000000E+00,  0.000000E+00,  0.000000E+00
  1.813881E+03,  6.171034E-09,  0.000000E+00,  0.000000E+00,  0.000000E+00
  1.815699E+03,  5.928986E-09,  0.000000E+00,  0.000000E+00,  0.000000E+00
  1.817519E+03,  5.836134E-09,  0.000000E+00,  0.000000E+00,  0.000000E+00
  1.819342E+03,  5.910733E-09,  0.000000E+00,  0.000000E+00,  0.000000E+00
  1.821165E+03,  5.931366E-09,  0.000000E+00,  0.000000E+00,  0.000000E+00
  1.822991E+03,  5.921843E-09,  0.000000E+00,  0.000000E+00,  0.000000E+00
  1.824819E+03,  5.863117E-09,  0.000000E+00,  0.000000E+00,  0.000000E+00
  1.826648E+03,  5.816294E-09,  0.000000E+00,  0.000000E+00,  0.000000E+00
  1.828479E+03,  5.736141E-09,  0.000000E+00,  0.000000E+00,  0.000000E+00
  1.830312E+03,  5.560755E-09,  0.000000E+00,  0.000000E+00,  0.000000E+00
  1.832147E+03,  5.522662E-09,  0.000000E+00,  0.000000E+00,  0.000000E+00
  1.833984E+03,  5.823437E-09,  0.000000E+00,  0.000000E+00,  0.000000E+00
  1.835823E+03,  5.913907E-09,  0.000000E+00,  0.000000E+00,  0.000000E+00
  1.837663E+03,  5.778995E-09,  0.000000E+00,  0.000000E+00,  0.000000E+00
  1.839505E+03,  5.404416E-09,  0.000000E+00,  0.000000E+00,  0.000000E+00
  1.841349E+03,  5.060787E-09,  0.000000E+00,  0.000000E+00,  0.000000E+00
  1.843195E+03,  5.166336E-09,  0.000000E+00,  0.000000E+00,  0.000000E+00
  1.845043E+03,  5.298867E-09,  0.000000E+00,  0.000000E+00,  0.000000E+00
  1.846893E+03,  5.229030E-09,  0.000000E+00,  0.000000E+00,  0.000000E+00
  1.848744E+03,  5.467904E-09,  0.000000E+00,  0.000000E+00,  0.000000E+00
  1.850598E+03,  5.555993E-09,  0.000000E+00,  0.000000E+00,  0.000000E+00
  1.852453E+03,  5.335373E-09,  0.000000E+00,  0.000000E+00,  0.000000E+00
  1.854310E+03,  5.457587E-09,  0.000000E+00,  0.000000E+00,  0.000000E+00
  1.856169E+03,  5.664717E-09,  0.000000E+00,  0.000000E+00,  0.000000E+00
  1.858030E+03,  5.517901E-09,  0.000000E+00,  0.000000E+00,  0.000000E+00
  1.859892E+03,  5.399655E-09,  0.000000E+00,  0.000000E+00,  0.000000E+00
  1.861757E+03,  5.502822E-09,  0.000000E+00,  0.000000E+00,  0.000000E+00
  1.863623E+03,  5.534566E-09,  0.000000E+00,  0.000000E+00,  0.000000E+00
  1.865492E+03,  5.590118E-09,  0.000000E+00,  0.000000E+00,  0.000000E+00
  1.867362E+03,  5.615513E-09,  0.000000E+00,  0.000000E+00,  0.000000E+00
  1.869234E+03,  5.562342E-09,  0.000000E+00,  0.000000E+00,  0.000000E+00
  1.871108E+03,  5.698841E-09,  0.000000E+00,  0.000000E+00,  0.000000E+00
  1.872983E+03,  5.815501E-09,  0.000000E+00,  0.000000E+00,  0.000000E+00
  1.874861E+03,  5.696461E-09,  0.000000E+00,  0.000000E+00,  0.000000E+00
  1.876741E+03,  5.595674E-09,  0.000000E+00,  0.000000E+00,  0.000000E+00
  1.878622E+03,  5.630592E-09,  0.000000E+00,  0.000000E+00,  0.000000E+00
  1.880505E+03,  5.567104E-09,  0.000000E+00,  0.000000E+00,  0.000000E+00
  1.882391E+03,  5.738522E-09,  0.000000E+00,  0.000000E+00,  0.000000E+00
  1.884278E+03,  5.847245E-09,  0.000000E+00,  0.000000E+00,  0.000000E+00
  1.886167E+03,  5.809152E-09,  0.000000E+00,  0.000000E+00,  0.000000E+00
  1.888058E+03,  5.682970E-09,  0.000000E+00,  0.000000E+00,  0.000000E+00
  1.889950E+03,  5.647257E-09,  0.000000E+00,  0.000000E+00,  0.000000E+00
  1.891845E+03,  5.729792E-09,  0.000000E+00,  0.000000E+00,  0.000000E+00
  1.893742E+03,  5.755981E-09,  0.000000E+00,  0.000000E+00,  0.000000E+00
  1.895640E+03,  5.706778E-09,  0.000000E+00,  0.000000E+00,  0.000000E+00
  1.897541E+03,  5.579008E-09,  0.000000E+00,  0.000000E+00,  0.000000E+00
  1.899443E+03,  5.407590E-09,  0.000000E+00,  0.000000E+00,  0.000000E+00
  1.901347E+03,  5.333785E-09,  0.000000E+00,  0.000000E+00,  0.000000E+00
  1.903253E+03,  5.414733E-09,  0.000000E+00,  0.000000E+00,  0.000000E+00
  1.905161E+03,  5.375053E-09,  0.000000E+00,  0.000000E+00,  0.000000E+00
  1.907071E+03,  5.374259E-09,  0.000000E+00,  0.000000E+00,  0.000000E+00
  1.908983E+03,  5.386163E-09,  0.000000E+00,  0.000000E+00,  0.000000E+00
  1.910897E+03,  5.426637E-09,  0.000000E+00,  0.000000E+00,  0.000000E+00
  1.912812E+03,  5.643289E-09,  0.000000E+00,  0.000000E+00,  0.000000E+00
  1.914730E+03,  5.674240E-09,  0.000000E+00,  0.000000E+00,  0.000000E+00
  1.916649E+03,  5.658368E-09,  0.000000E+00,  0.000000E+00,  0.000000E+00
  1.918571E+03,  5.705190E-09,  0.000000E+00,  0.000000E+00,  0.000000E+00
  1.920494E+03,  5.794074E-09,  0.000000E+00,  0.000000E+00,  0.000000E+00
  1.922420E+03,  5.791693E-09,  0.000000E+00,  0.000000E+00,  0.000000E+00
  1.924347E+03,  5.698841E-09,  0.000000E+00,  0.000000E+00,  0.000000E+00
  1.926276E+03,  5.456794E-09,  0.000000E+00,  0.000000E+00,  0.000000E+00
  1.928207E+03,  5.392512E-09,  0.000000E+00,  0.000000E+00,  0.000000E+00
  1.930140E+03,  5.248077E-09,  0.000000E+00,  0.000000E+00,  0.000000E+00
  1.932075E+03,  5.382195E-09,  0.000000E+00,  0.000000E+00,  0.000000E+00
  1.934012E+03,  5.620275E-09,  0.000000E+00,  0.000000E+00,  0.000000E+00
  1.935951E+03,  5.531392E-09,  0.000000E+00,  0.000000E+00,  0.000000E+00
  1.937892E+03,  5.536947E-09,  0.000000E+00,  0.000000E+00,  0.000000E+00
  1.939834E+03,  5.690905E-09,  0.000000E+00,  0.000000E+00,  0.000000E+00
  1.941779E+03,  5.850419E-09,  0.000000E+00,  0.000000E+00,  0.000000E+00
  1.943726E+03,  5.936128E-09,  0.000000E+00,  0.000000E+00,  0.000000E+00
  1.945674E+03,  5.848832E-09,  0.000000E+00,  0.000000E+00,  0.000000E+00
  1.947625E+03,  5.640909E-09,  0.000000E+00,  0.000000E+00,  0.000000E+00
  1.949577E+03,  5.510758E-09,  0.000000E+00,  0.000000E+00,  0.000000E+00
  1.951532E+03,  5.565517E-09,  0.000000E+00,  0.000000E+00,  0.000000E+00
  1.953488E+03,  5.632973E-09,  0.000000E+00,  0.000000E+00,  0.000000E+00
  1.955447E+03,  5.723443E-09,  0.000000E+00,  0.000000E+00,  0.000000E+00
  1.957407E+03,  5.821850E-09,  0.000000E+00,  0.000000E+00,  0.000000E+00
  1.959369E+03,  5.913907E-09,  0.000000E+00,  0.000000E+00,  0.000000E+00
  1.961333E+03,  5.967078E-09,  0.000000E+00,  0.000000E+00,  0.000000E+00
  1.963300E+03,  5.907558E-09,  0.000000E+00,  0.000000E+00,  0.000000E+00
  1.965268E+03,  5.810739E-09,  0.000000E+00,  0.000000E+00,  0.000000E+00
  1.967238E+03,  5.716301E-09,  0.000000E+00,  0.000000E+00,  0.000000E+00
  1.969210E+03,  5.661542E-09,  0.000000E+00,  0.000000E+00,  0.000000E+00
  1.971184E+03,  5.800422E-09,  0.000000E+00,  0.000000E+00,  0.000000E+00
  1.973160E+03,  5.864704E-09,  0.000000E+00,  0.000000E+00,  0.000000E+00
  1.975139E+03,  5.721062E-09,  0.000000E+00,  0.000000E+00,  0.000000E+00
  1.977119E+03,  5.621069E-09,  0.000000E+00,  0.000000E+00,  0.000000E+00
  1.979101E+03,  5.479014E-09,  0.000000E+00,  0.000000E+00,  0.000000E+00
  1.981085E+03,  5.559168E-09,  0.000000E+00,  0.000000E+00,  0.000000E+00
  1.983071E+03,  5.575834E-09,  0.000000E+00,  0.000000E+00,  0.000000E+00
  1.985059E+03,  5.559168E-09,  0.000000E+00,  0.000000E+00,  0.000000E+00
  1.987049E+03,  5.613926E-09,  0.000000E+00,  0.000000E+00,  0.000000E+00
  1.989041E+03,  5.491712E-09,  0.000000E+00,  0.000000E+00,  0.000000E+00
  1.991035E+03,  5.335373E-09,  0.000000E+00,  0.000000E+00,  0.000000E+00
  1.993031E+03,  5.371879E-09,  0.000000E+00,  0.000000E+00,  0.000000E+00
  1.995029E+03,  5.467904E-09,  0.000000E+00,  0.000000E+00,  0.000000E+00
  1.997029E+03,  5.540122E-09,  0.000000E+00,  0.000000E+00,  0.000000E+00
  1.999031E+03,  5.375053E-09,  0.000000E+00,  0.000000E+00,  0.000000E+00
  2.001035E+03,  5.388544E-09,  0.000000E+00,  0.000000E+00,  0.000000E+00
  2.003041E+03,  5.426637E-09,  0.000000E+00,  0.000000E+00,  0.000000E+00
  2.005049E+03,  5.262362E-09,  0.000000E+00,  0.000000E+00,  0.000000E+00
  2.007059E+03,  5.144909E-09,  0.000000E+00,  0.000000E+00,  0.000000E+00
  2.009071E+03,  5.152845E-09,  0.000000E+00,  0.000000E+00,  0.000000E+00
  2.011085E+03,  5.094118E-09,  0.000000E+00,  0.000000E+00,  0.000000E+00
  2.013101E+03,  5.078246E-09,  0.000000E+00,  0.000000E+00,  0.000000E+00
  2.015120E+03,  5.169510E-09,  0.000000E+00,  0.000000E+00,  0.000000E+00
  2.017140E+03,  5.199667E-09,  0.000000E+00,  0.000000E+00,  0.000000E+00
  2.019162E+03,  5.204429E-09,  0.000000E+00,  0.000000E+00,  0.000000E+00
  2.021186E+03,  5.059200E-09,  0.000000E+00,  0.000000E+00,  0.000000E+00
  2.023212E+03,  5.001267E-09,  0.000000E+00,  0.000000E+00,  0.000000E+00
  2.025241E+03,  5.073485E-09,  0.000000E+00,  0.000000E+00,  0.000000E+00
  2.027271E+03,  5.187763E-09,  0.000000E+00,  0.000000E+00,  0.000000E+00
  2.029303E+03,  5.313946E-09,  0.000000E+00,  0.000000E+00,  0.000000E+00
  2.031338E+03,  5.283789E-09,  0.000000E+00,  0.000000E+00,  0.000000E+00
  2.033374E+03,  5.091738E-09,  0.000000E+00,  0.000000E+00,  0.000000E+00
  2.035413E+03,  5.091738E-09,  0.000000E+00,  0.000000E+00,  0.000000E+00
  2.037453E+03,  5.117926E-09,  0.000000E+00,  0.000000E+00,  0.000000E+00
  2.039496E+03,  5.121101E-09,  0.000000E+00,  0.000000E+00,  0.000000E+00
  2.041540E+03,  5.219507E-09,  0.000000E+00,  0.000000E+00,  0.000000E+00
  2.043587E+03,  5.451238E-09,  0.000000E+00,  0.000000E+00,  0.000000E+00
  2.045636E+03,  5.588531E-09,  0.000000E+00,  0.000000E+00,  0.000000E+00
  2.047686E+03,  5.609165E-09,  0.000000E+00,  0.000000E+00,  0.000000E+00
  2.049739E+03,  5.577421E-09,  0.000000E+00,  0.000000E+00,  0.000000E+00
  2.051794E+03,  5.516314E-09,  0.000000E+00,  0.000000E+00,  0.000000E+00
  2.053851E+03,  5.299661E-09,  0.000000E+00,  0.000000E+00,  0.000000E+00
  2.055910E+03,  5.112371E-09,  0.000000E+00,  0.000000E+00,  0.000000E+00
  2.057971E+03,  5.168717E-09,  0.000000E+00,  0.000000E+00,  0.000000E+00
  2.060034E+03,  5.223475E-09,  0.000000E+00,  0.000000E+00,  0.000000E+00
  2.062099E+03,  5.100467E-09,  0.000000E+00,  0.000000E+00,  0.000000E+00
  2.064166E+03,  5.036979E-09,  0.000000E+00,  0.000000E+00,  0.000000E+00
  2.066236E+03,  4.990157E-09,  0.000000E+00,  0.000000E+00,  0.000000E+00
  2.068307E+03,  5.028249E-09,  0.000000E+00,  0.000000E+00,  0.000000E+00
  2.070381E+03,  5.215539E-09,  0.000000E+00,  0.000000E+00,  0.000000E+00
  2.072456E+03,  5.258394E-09,  0.000000E+00,  0.000000E+00,  0.000000E+00
  2.074534E+03,  5.293312E-09,  0.000000E+00,  0.000000E+00,  0.000000E+00
  2.076614E+03,  5.404416E-09,  0.000000E+00,  0.000000E+00,  0.000000E+00
  2.078695E+03,  5.413939E-09,  0.000000E+00,  0.000000E+00,  0.000000E+00
  2.080779E+03,  5.380608E-09,  0.000000E+00,  0.000000E+00,  0.000000E+00
  2.082865E+03,  5.382195E-09,  0.000000E+00,  0.000000E+00,  0.000000E+00
  2.084953E+03,  5.333785E-09,  0.000000E+00,  0.000000E+00,  0.000000E+00
  2.087044E+03,  5.371085E-09,  0.000000E+00,  0.000000E+00,  0.000000E+00
  2.089136E+03,  5.369498E-09,  0.000000E+00,  0.000000E+00,  0.000000E+00
  2.091230E+03,  5.290931E-09,  0.000000E+00,  0.000000E+00,  0.000000E+00
  2.093327E+03,  5.171097E-09,  0.000000E+00,  0.000000E+00,  0.000000E+00
  2.095425E+03,  5.076659E-09,  0.000000E+00,  0.000000E+00,  0.000000E+00
  2.097526E+03,  5.035392E-09,  0.000000E+00,  0.000000E+00,  0.000000E+00
  2.099629E+03,  5.070310E-09,  0.000000E+00,  0.000000E+00,  0.000000E+00
  2.101734E+03,  5.108403E-09,  0.000000E+00,  0.000000E+00,  0.000000E+00
  2.103841E+03,  5.194112E-09,  0.000000E+00,  0.000000E+00,  0.000000E+00
  2.105950E+03,  5.221094E-09,  0.000000E+00,  0.000000E+00,  0.000000E+00
  2.108061E+03,  4.948890E-09,  0.000000E+00,  0.000000E+00,  0.000000E+00
  2.110174E+03,  4.787789E-09,  0.000000E+00,  0.000000E+00,  0.000000E+00
  2.112290E+03,  4.822707E-09,  0.000000E+00,  0.000000E+00,  0.000000E+00
  2.114407E+03,  4.990157E-09,  0.000000E+00,  0.000000E+00,  0.000000E+00
  2.116527E+03,  5.229030E-09,  0.000000E+00,  0.000000E+00,  0.000000E+00
  2.118649E+03,  5.266330E-09,  0.000000E+00,  0.000000E+00,  0.000000E+00
  2.120773E+03,  5.253632E-09,  0.000000E+00,  0.000000E+00,  0.000000E+00
  2.122899E+03,  5.158400E-09,  0.000000E+00,  0.000000E+00,  0.000000E+00
  2.125027E+03,  5.041741E-09,  0.000000E+00,  0.000000E+00,  0.000000E+00
  2.127157E+03,  4.971110E-09,  0.000000E+00,  0.000000E+00,  0.000000E+00
  2.129290E+03,  4.844928E-09,  0.000000E+00,  0.000000E+00,  0.000000E+00
  2.131424E+03,  4.604467E-09,  0.000000E+00,  0.000000E+00,  0.000000E+00
  2.133561E+03,  4.309248E-09,  0.000000E+00,  0.000000E+00,  0.000000E+00
  2.135700E+03,  4.287027E-09,  0.000000E+00,  0.000000E+00,  0.000000E+00
  2.137841E+03,  4.557645E-09,  0.000000E+00,  0.000000E+00,  0.000000E+00
  2.139984E+03,  4.636211E-09,  0.000000E+00,  0.000000E+00,  0.000000E+00
  2.142130E+03,  4.813184E-09,  0.000000E+00,  0.000000E+00,  0.000000E+00
  2.144277E+03,  5.010790E-09,  0.000000E+00,  0.000000E+00,  0.000000E+00
  2.146427E+03,  4.994125E-09,  0.000000E+00,  0.000000E+00,  0.000000E+00
  2.148579E+03,  4.915558E-09,  0.000000E+00,  0.000000E+00,  0.000000E+00
  2.150732E+03,  4.856832E-09,  0.000000E+00,  0.000000E+00,  0.000000E+00
  2.152889E+03,  4.946509E-09,  0.000000E+00,  0.000000E+00,  0.000000E+00
  2.155047E+03,  5.063168E-09,  0.000000E+00,  0.000000E+00,  0.000000E+00
  2.157207E+03,  4.981427E-09,  0.000000E+00,  0.000000E+00,  0.000000E+00
  2.159370E+03,  4.766361E-09,  0.000000E+00,  0.000000E+00,  0.000000E+00
  2.161535E+03,  4.719539E-09,  0.000000E+00,  0.000000E+00,  0.000000E+00
  2.163702E+03,  4.772710E-09,  0.000000E+00,  0.000000E+00,  0.000000E+00
  2.165871E+03,  4.694144E-09,  0.000000E+00,  0.000000E+00,  0.000000E+00
  2.168042E+03,  4.573517E-09,  0.000000E+00,  0.000000E+00,  0.000000E+00
  2.170215E+03,  4.569549E-09,  0.000000E+00,  0.000000E+00,  0.000000E+00
